visit_index,page_label,entry_type,start_time,end_time,duration_sec,eventCount,click_count,scroll_count,keyinput_count,mousemove_count,focus_blur_count
0,Q-net 자격의모든것,page_load,26-03-26 13:21:02,26-03-26 13:21:25,23.316,138,2,13,0,121,2
1,각종서식 자료실 목록,page_load,26-03-26 13:21:26,26-03-26 13:21:29,3.473,27,1,0,0,25,1
2,기출문제(기술사) 자료실 목록,page_load,26-03-26 13:21:29,26-03-26 13:21:40,11.107,54,2,3,9,37,3
3,공개문제 자료실 목록,page_load,26-03-26 13:21:41,26-03-26 13:21:47,5.815,36,2,0,0,31,3
4,기출문제(기술사) 자료실 목록,page_load,26-03-26 13:21:47,26-03-26 13:22:04,16.665,109,7,7,21,57,17
5,Q-net 자격의모든것,page_load,26-03-26 13:22:04,26-03-26 13:22:13,8.91,74,1,10,0,62,1
6,수험자 지참 준비물 조회,page_load,26-03-26 13:22:13,26-03-26 13:22:26,12.7,101,8,0,0,78,15
7,Q-net 자격의모든것,page_load,26-03-26 13:22:26,26-03-26 13:22:35,8.624,67,1,0,31,34,1
8,통합검색,page_load,26-03-26 13:22:36,26-03-26 13:22:41,5.254,45,1,13,0,28,3
